{"cameraMode":{"drawMode":0,"name":"Shaded","section":"Shading Mode"},"sceneLighting":true,"audioPlay":false,"sceneViewState":{"showFog":true,"showMaterialUpdate":false,"showSkybox":true,"showFlares":true,"showImageEffects":true,"showParticleSystems":true},"in2DMode":false,"pivot":{"x":-0.04587826505303383,"y":0.13790538907051087,"z":-0.03648689016699791},"rotation":{"x":-0.08604064583778382,"y":0.9045370221138,"z":-0.2187776118516922,"w":-0.35573533177375796},"size":6.405086040496826,"orthographic":false}