{"cameraMode":{"drawMode":0,"name":"Shaded","section":"Shading Mode"},"sceneLighting":true,"audioPlay":false,"sceneViewState":{"showFog":true,"showMaterialUpdate":false,"showSkybox":true,"showFlares":true,"showImageEffects":true,"showParticleSystems":true},"in2DMode":false,"pivot":{"x":0.7513523101806641,"y":1.2877483367919922,"z":2.1548547744750978},"rotation":{"x":-0.1886957585811615,"y":0.6784327626228333,"z":-0.1868932694196701,"w":-0.6849794387817383},"size":33.42622756958008,"orthographic":false}