{"cameraMode":{"drawMode":0,"name":"Shaded","section":"Shading Mode"},"sceneLighting":true,"audioPlay":false,"sceneViewState":{"showFog":true,"showMaterialUpdate":false,"showSkybox":true,"showFlares":true,"showImageEffects":true,"showParticleSystems":true},"in2DMode":false,"pivot":{"x":0.5130465626716614,"y":-0.5262346267700195,"z":-0.12743623554706574},"rotation":{"x":-0.08864248543977738,"y":0.9019344449043274,"z":-0.2224491536617279,"w":-0.3594067692756653},"size":24.61393165588379,"orthographic":false}