{"cameraMode":{"drawMode":0,"name":"Shaded","section":"Shading Mode"},"sceneLighting":true,"audioPlay":false,"sceneViewState":{"showFog":true,"showMaterialUpdate":true,"showSkybox":true,"showFlares":true,"showImageEffects":true,"showParticleSystems":true},"in2DMode":false,"pivot":{"x":-0.08594663441181183,"y":0.7354316711425781,"z":-0.7653926610946655},"rotation":{"x":-0.35250404477119448,"y":0.01740153878927231,"z":-0.006556262727826834,"w":-0.9356276988983154},"size":1.3528110980987549,"orthographic":false}